Fecha;PCR totales;Test rápidos totales;Personas únicas totales;Personas únicas con PCR;Personas con PCR por millón de habitantes;Casos positivos PCR;Casos positivos detectados por serología;Casos positivos totales;Casos positivos PCR Álava;Casos positivos PCR Bizkaia;Casos positivos PCR Gipuzkoa;Otros casos positivos PCR ;Recuperados o altas Hospitalarias;No recuperados;Fallecidos;Nuevos ingresos planta con PCR positivo;Ingresados en planta con PCR positivo;Hospitalizados en UCI;R0 en Euskadi;Negativizados;Altas hospitalarias;Nuevos ingresos en UCI en los últimos 14 días;Tasa de positivos por 100.000 habitantes en Álava ;Tasa de positivos por 100.000 habitantes en Bizkaia ;Tasa de positivos por 100.000 habitantes en Gipuzkoa
24/02/2020;8;;;;;;;;;;;;0;0;0;;;;;;;;;;
25/02/2020;15;;;;;;;;;;;;0;0;0;;;;;;;;;;
26/02/2020;19;;;;;;;;;;;;0;0;0;;;;;;;;;;
27/02/2020;30;;;;;;;;;;;;0;0;0;;;;;;;;;;
28/02/2020;60;;;;;;;;;;;;0;0;0;;;;;;;;;;
29/02/2020;79;;;;;;;;;;;;0;0;0;;;;;;;;;;
01/03/2020;112;;;;;;;;;;;;0;1;0;;;;;;;;;;
02/03/2020;169;;;;;;;;;;;;0;4;0;;;;;;;;;;
03/03/2020;276;;;;;;;;;;;;0;8;0;;;;;;;;;;
04/03/2020;361;;;;;;;;;;;;0;12;0;;;;;;;;;;
05/03/2020;470;;;;;;;;;;;;0;30;1;;;;;;;;;;
06/03/2020;634;;;;;;;;;;;;0;55;1;;;;;;;;;;
07/03/2020;801;;;;;;;;;;;;0;89;1;;;;;;;;;;
08/03/2020;940;;;;;;;;;;;;0;134;3;;;;5,17;;;;;;
09/03/2020;1114;;;;;;;;;;;;0;179;5;;;;3,94;;;;;;
10/03/2020;1363;;;;;;;;;;;;0;253;6;;;;3,44;;;;;;
11/03/2020;1657;;;;;;;;;;;;0;325;7;;;;2,98;;;;;;
12/03/2020;1974;;;;;;;;;;;;0;404;12;;;;2,54;;;;;;
13/03/2020;2334;;;;;;;;;;;;0;503;16;;;;2,27;;;;;;
14/03/2020;2694;;;;;;;;;;;;0;600;21;;;;2,02;;;;;;
15/03/2020;3007;;;;;;;;;;;;0;696;25;;;;1,78;;;;;;
16/03/2020;3364;;;;;;;;;;;;0;789;36;;;;1,63;;;;;;
17/03/2020;3899;;;;;;;;;;;;0;979;41;;;;1,66;;;;;;
18/03/2020;4578;;;;;;;;;;;;0;1196;52;;;;1,75;;;;;;
19/03/2020;5323;;;;;;;;;;;;0;1445;71;;;;1,83;;;;;;
20/03/2020;6083;;;;;;;;;;;;165;1598;85;;;;1,9;;;;;;
21/03/2020;7050;;;;;;;;;;;;216;1854;97;;;;1,88;;;;;;
22/03/2020;7946;;;;;;;;;;;;283;2074;120;;;;1,79;;;;;;
23/03/2020;8674;;;;;;;;;;;;344;2357;133;;;;1,73;;;;;;
24/03/2020;9952;;;;;;;;;;;;466;2791;155;;;;1,76;;;;;;
25/03/2020;11664;;;;;;;;;;;;621;3332;180;;;;1,83;;;;;;
26/03/2020;13332;;;;;;;;;;;;814;3743;203;;;;1,77;;;;;;
27/03/2020;14872;;;;;;;;;;;;1023;3993;241;;;;1,58;;;;;;
28/03/2020;16559;;;;;;;;;;;;1503;4064;265;;;;1,47;;;;;;
29/03/2020;17617;;;;;;;;;;;;1646;4132;297;;;;1,28;;;;;;
30/03/2020;18545;;;;;;;;;;;;1796;4277;325;;;;1,15;;;;;;
31/03/2020;20287;;;;;;;;;;;;2165;4435;369;;;;1,08;;;;;;
01/04/2020;21865;;;;;;;;;;;;2490;4547;412;;;;0,97;;;;;;
02/04/2020;23609;;;;;;;;;;;;2809;4685;444;;;;0,91;;;;;;
03/04/2020;25119;;;;;;;;;;;;3098;4779;477;;;;0,9;;;;;;
04/04/2020;26757;;;;;;;;;;;;3405;4729;515;;;;0,83;;;;;;
05/04/2020;27583;;;;;;;;;;;;3568;4729;548;;;;0,84;;;;;;
06/04/2020;28480;26;;;;;;;;;;;3728;4783;586;;;;0,85;;;;;;
07/04/2020;30403;188;;;;;;;;;;;4151;4747;635;;;;0,84;;;;;;
08/04/2020;32377;515;;;;;;;;;;;4514;4694;689;;;;0,81;;;;;;
09/04/2020;34187;900;;;;;;;;;;;4680;4842;729;;;;0,77;;;;;;
10/04/2020;35784;1248;;;;;;;;;;;4741;5072;765;;;;0,76;;;;;;
11/04/2020;36907;1845;;;;;;;;;;;4867;5094;804;;;;0,75;;;;;;
12/04/2020;38338;2488;;;;;;;;;;;5026;5157;831;;;;0,79;;;;;;
13/04/2020;39620;3237;;;;;;;;;;;5193;5190;859;;;;0,81;;;;;;
14/04/2020;41366;4281;;;;;;;;;;;5428;5206;902;;;;0,75;;;;;;
15/04/2020;44110;5641;;;;;;;;;;;5813;5059;956;;;;0,74;;;;;;
16/04/2020;47188;7468;;;;;;;;;;;6144;4997;992;;;;0,75;;;;;;
17/04/2020;50016;9651;;;;;;;;;;;6556;4834;1020;;;;0,71;;;;;;
18/04/2020;53526;10786;;;;;;;;;;;6972;4537;1062;;;;0,76;;;;;;
19/04/2020;55824;11628;;;;;;;;;;;7124;4458;1081;;;;0,75;;;;;;
20/04/2020;57757;13251;;;;;;;;;;;7277;4460;1103;;;;0,73;;;;;;
21/04/2020;61661;15767;;;;;;;;;;;7651;4347;1124;;;;0,73;;;;;;
22/04/2020;66357;18998;;;;;;;;;;;8136;4176;1167;;;;0,71;;;;;;
23/04/2020;70884;23462;;;;;;;;;;;8459;4202;1193;;;;0,71;;;;;;
24/04/2020;75829;28159;;;;;;;;;;;8941;4054;1212;;;;0,8;;;;;;
25/04/2020;80417;30799;63428;;;12455;;14315;;;;;9602;3494;1230;;;115;0,77;;;;;;
26/04/2020;83386;31677;65743;;;12513;;14412;;;;;9840;3331;1241;;;113;0,81;;;;;;
27/04/2020;85668;35499;67608;;;12564;;14804;;;;;9974;3575;1255;;;114;0,85;;;;;;
28/04/2020;90749;40924;70985;;;12619;;15138;;;;;10474;3390;1274;;;104;0,8;;;;;;
29/04/2020;95743;45395;74253;;;12701;;15519;;;;;10936;3287;1296;;;97;0,8;;;;;;
30/04/2020;100926;51277;77927;;;12824;;15969;;;;;11380;3277;1312;;;95;0,81;;;;;;
01/05/2020;105374;53184;80986;;;12887;;16119;;;;;11805;2993;1321;;;91;0,71;;;;;;
02/05/2020;108174;53898;82982;;;12938;;16197;;;;;12024;2844;1329;;;90;0,72;;;;;;
03/05/2020;109326;54467;83740;;;12952;;16246;;;;;12155;2750;1341;;;87;0,71;;;;;;
04/05/2020;110956;57435;85084;;;12965;;16426;;;;;12251;2822;1353;;;85;0,72;;;;;;
05/05/2020;115593;61416;88484;;;13008;;16679;;;;;12749;2566;1364;;;80;0,74;;;;;;
06/05/2020;119596;65430;91521;;;13041;;16959;;;;;13070;2506;1383;;;78;0,69;;;;;;
07/05/2020;122730;70314;95121;;;13101;;17286;;;;;13540;2356;1390;;;77;0,57;;;;;;
08/05/2020;127694;74796;98884;;;13111;;17553;;;;;13985;2165;1403;;;76;0,65;;;;;;
09/05/2020;132554;76094;102023;;;13156;;17677;;;;;14646;1613;1418;;;74;0,69;;;;;;
10/05/2020;134047;76696;103889;;;13167;;17709;;;;;14718;1568;1423;;;70;0,77;;;;;;
11/05/2020;136274;78969;108305;;;13176;;17840;;;;;14913;1498;1429;;;71;0,82;;;;;;
12/05/2020;140665;83415;116535;;;13214;;18095;;;;;14986;1664;1442;;;60;0,82;;;;;;
13/05/2020;147283;86440;126251;;;13257;;18316;;;;;;;1454;;;55;0,85;;;;;;
14/05/2020;150712;88539;130120;;;13324;;18461;;;;;;;;;;;0,87;;;;;;
15/05/2020;154142;90639;133989;;;13391;5216;18607;2962;7533;2307;589;15678;1474;1455;2;;50;0,9;;;;;;
16/05/2020;158779;93965;138359;;;13407;5326;18733;2963;7546;2307;591;16028;1246;1459;4;;50;0,75;;;;;;
17/05/2020;161834;95000;140399;;;13422;5358;18780;2970;7549;2312;591;16160;1154;1466;3;;48;0,7;;;;;;
18/05/2020;166314;97737;144782;124591;56942;13409;5487;18896;2975;7531;2312;591;16387;1039;1470;4;;45;0,75;;;;;;
19/05/2020;170517;99786;148526;127759;58367;13435;5582;19017;2988;7543;2313;591;16688;849;1480;3;;41;0,8;;;;;;
20/05/2020;174935;102230;152760;130959;59853;13442;5704;19146;2990;7550;2313;591;16965;698;1483;8;;38;0,69;;;;;;
21/05/2020;178107;103838;155680;133148;60853;13454;5800;19254;2994;7558;2313;589;17098;669;1487;3;;36;0,59;;;;;;
22/05/2020;181838;105890;159331;135888;62106;13467;5907;19374;2998;7567;2313;589;17303;577;1494;4;;33;0,63;;;;;;
23/05/2020;183752;106050;160567;137242;62724;13476;5910;19386;3000;7574;2313;589;17394;498;1494;3;;33;0,66;;;;;;
24/05/2020;185119;106400;161700;138253;63186;13478;5914;19392;3000;7576;2313;589;17417;475;1500;1;;33;0,69;;;;;;
25/05/2020;187450;107730;163993;139942;63958;13484;5985;19469;3000;7582;2313;589;17530;434;1505;4;;28;0,69;;;;;;
26/05/2020;190993;109183;167354;142627;65186;13496;6082;19578;3002;7592;2313;589;17702;365;1511;9;;27;0,62;;;;;;
27/05/2020;194387;110579;170473;145160;66343;13501;6170;19671;3002;7596;2314;589;17895;263;1513;4;;28;0,64;;;;;;
28/05/2020;196890;111778;172904;147010;67189;13508;6219;19727;3003;7602;2314;589;16331;1865;1531;2;;25;0,65;;;;;;
29/05/2020;200137;113338;176016;149449;68303;13513;6294;19807;3004;7607;2313;589;16454;1817;1536;1;;27;0,63;;;;;;
30/05/2020;201970;113650;177460;150863;68950;13518;6302;19820;3006;7610;2313;589;16499;1780;1541;2;;27;0,64;;;;;;
31/05/2020;202947;113875;178342;151624;69297;13518;6315;19833;3006;7610;2313;589;16510;1782;1541;5;;29;0,68;;;;;;
01/06/2020;204749;114976;180442;153022;69936;13522;6372;19894;3010;7610;2313;589;16547;1804;1543;3;;27;0,72;;;;;;
02/06/2020;209026;116078;184108;156204;71391;13528;6439;19967;3013;7613;2313;589;16656;1758;1553;4;;24;0,68;;;;;;
03/06/2020;211789;117010;186747;158338;72366;13533;6474;20007;3016;7615;2313;589;16757;1689;1561;3;;22;0,74;;;;;;
04/06/2020;214737;118116;189398;160531;73368;13537;6519;20056;3018;7617;2313;589;16853;1639;1564;0;;21;0,76;;;;;;
05/06/2020;217445;119417;192309;162611;74319;13541;6576;20117;3019;7620;2313;589;16923;1623;1571;1;;17;0,72;;;;;;
06/06/2020;219329;119956;194087;164059;74981;13549;6588;20137;3023;7624;2313;589;16966;1597;1574;1;;18;0,89;;;;;;
07/06/2020;220375;120013;194798;164788;75314;13506;6570;20076;3296;7791;2263;156;;;1574;1;;18;1,19;11902;4184;;;;
08/06/2020;222647;120725;196850;166324;76016;13522;6610;20132;3301;7801;2264;156;;;1577;3;;18;1,59;13173;4193;;;;
09/06/2020;226098;122011;200418;168973;77227;13541;6668;20209;3304;7816;2265;156;;;1580;6;;18;1,9;13205;4204;;;;
10/06/2020;229948;123217;203929;171659;78454;13554;6707;20261;3305;7827;2265;157;;;1584;1;;18;1,88;13243;4216;;;;
11/06/2020;233215;124236;206721;173756;79413;13562;6758;20320;3305;7835;2265;157;;;1587;4;;18;1,67;13296;4224;;;;
12/06/2020;237120;124992;209267;175852;80370;13583;6819;20402;3308;7844;2274;157;;;1589;4;;18;1,71;13344;4231;;;;
13/06/2020;241096;125076;211271;177917;81314;13592;6823;20415;3310;7849;2276;157;;;1592;1;;18;1,52;13369;4232;;;;
14/06/2020;243905;125137;212285;178948;81785;13600;6823;20423;3313;7853;2277;157;;;1596;1;;18;1,33;13379;4233;;;;
15/06/2020;247370;125621;214428;180766;82616;13613;6835;20448;3319;7858;2279;157;;;1596;1;;16;1,16;13402;4240;9;;;
16/06/2020;251113;125997;216961;183085;83676;13622;6867;20489;3320;7865;2280;157;;;1601;1;;13;0,96;13447;4246;7;;;
17/06/2020;255084;126403;219736;185632;84840;13632;6906;20539;3321;7869;2281;161;;;1602;3;;12;0,9;13486;4256;6;;;
18/06/2020;257847;126838;221765;187329;85616;13646;6951;20597;3323;7880;2282;161;;;1603;2;;11;0,98;13514;4264;5;;;
19/06/2020;261250;127440;224309;189446;86583;13662;6992;20654;3326;7889;2286;161;;;1603;2;;10;0,95;13554;4276;5;;;
20/06/2020;263862;127580;226012;191083;87332;13672;6993;20665;3328;7895;2288;161;;;1603;2;;10;0,98;13573;4283;6;;;
21/06/2020;265333;127601;226940;192062;87779;13679;6993;20672;3331;7898;2289;161;;;1604;1;;10;0,99;13581;4285;5;1621,199694;1026,29122;463,470985
22/06/2020;268232;128031;228945;193798;88572;13687;7038;20725;3332;7901;2293;161;;;1605;5;;10;0,92;13605;4297;5;1627,602777;1028,391228;464,4470069
23/06/2020;271656;128319;231254;195977;89568;13694;7072;20766;3336;7902;2294;162;;;1608;3;;10;0,9;13633;4292;3;1630,042047;1030,578736;465,4230288
24/06/2020;276042;128646;234036;198597;90766;13710;7110;20820;3340;7902;2303;165;;;1609;2;;10;0,97;13670;4297;3;1632,786225;1032,678743;467,5145044
25/06/2020;279187;129048;236132;200422;91600;13719;7132;20851;3343;7906;2305;165;;;1609;2;;7;0,93;13697;4303;3;1634,00586;1033,991248;469,0482531
26/06/2020;282595;129783;238676;202474;92538;13725;7192;20917;3346;7906;2308;165;;;1611;0;;6;0,81;13727;4310;3;1641,933487;1036,703758;470,0242751
27/06/2020;284934;129922;240195;203981;93226;13728;7198;20926;3346;7908;2309;165;;;1611;1;;6;0,73;13753;4312;3;1642,848213;1036,966259;470,4425702
28/06/2020;286571;129996;241283;205100;93738;13732;7199;20931;3347;7908;2312;165;;;1612;0;;6;0,74;13762;4312;3;1643,153122;1036,966259;471,000297
29/06/2020;289171;130444;243096;206660;94451;13737;7226;20963;3348;7909;2315;165;;;1613;0;;6;0,75;13787;4316;2;1644,677666;1038,278764;472,394614
30/06/2020;292304;130914;245132;208580;95328;13752;7254;21006;3353;7914;2320;165;;;1615;1;;6;0,93;13815;4326;2;1647,116936;1040,641272;473,7889311
01/07/2020;295884;131517;247599;210852;96367;13758;7303;21061;3354;7916;2320;168;;;1618;0;;6;0,85;13844;4329;3;1650,470932;1043,441282;474,4860896
02/07/2020;298841;132040;249746;212732;97223;13768;7347;21115;3357;7920;2323;168;;;1618;0;;6;0,89;13868;4333;3;1652,300384;1046,941295;475,6015432
03/07/2020;301363;132597;251567;214229;97910;13783;7413;21196;3361;7925;2329;168;;;1619;2;;6;1,09;13898;4336;2;1658,09365;1051,403811;476,9958603
04/07/2020;303720;132823;253288;215820;98637;13796;7420;21216;3364;7932;2332;168;;;1619;3;;6;1,31;13925;4342;2;1659,008376;1052,628816;477,4141554
05/07/2020;304951;132872;254044;216572;98981;13805;7422;21227;3366;7935;2336;168;;;1619;2;;6;1,38;13933;4344;2;1660,228011;1052,453815;478,6690407
06/07/2020;307567;133573;256027;218119;99688;13824;7466;21290;3366;7939;2351;168;;;1619;2;;6;1,54;13954;4351;2;1660,228011;1056,216329;481,4576748
07/07/2020;312100;134067;259531;221334;101157;13851;7509;21360;3374;7943;2366;168;;;1621;0;;6;1,61;13990;4357;3;1664,191824;1059,103839;484,8040357
08/07/2020;316228;134626;262678;224120;102431;13880;7553;21433;3382;7947;2379;172;;;1621;0;;6;1,8;14030;4363;3;1668,765455;1062,07885;487,5926698
09/07/2020;319676;135144;265257;226388;103467;13911;7591;21502;3387;7955;2397;172;;;1621;2;;6;1,86;14057;4370;3;1671,509634;1064,70386;491,7756209
10/07/2020;323096;135481;267409;228347;104363;13942;7632;21574;3389;7967;2414;172;;;1622;1;;6;1,76;14086;4377;3;1673,643995;1068,466373;494,7036867
11/07/2020;326195;135600;269356;230306;105258;13970;7635;21605;3391;7975;2432;172;;;1622;1;;6;1,63;14112;4381;3;1674,558721;1069,341376;497,2134574
12/07/2020;328165;135761;270633;231490;105799;13997;7635;21632;3394;7991;2440;172;;;1622;0;;6;1,56;14122;4383;3;1675,473447;1070,741381;498,328911
13/07/2020;330135;135922;271911;232675;106341;14024;7668;21692;3396;8002;2454;172;;;1622;3;;4;1,45;14132;4386;3;1676,997991;1073,803893;501,1175451
14/07/2020;333901;136344;274549;235048;107425;14084;7705;21789;3403;8012;2495;174;;;1622;6;;4;1,48;14149;4390;1;1682,791256;1076,253901;507,8102669
15/07/2020;338326;136734;277451;237712;108643;14142;7725;21867;3408;8029;2511;194;;;1623;3;;4;1,54;14162;4394;2;1685,230526;1078,178908;511,1566278
16/07/2020;343940;;;;;14210;;;3412;8055;2546;197;;;;2;;2;1,48;;;;;;
17/07/2020;348937;;;;;14325;;;3423;8103;2602;197;;;;2;;2;1,86;;;;;;
18/07/2020;354684;;;;;14522;;;3433;8195;2695;199;;;;5;;2;2,27;;;;;;
19/07/2020;358244;137863;297127;257208;117553;14636;7756;22392;3439;8240;2758;199;;;1624;1;;2;2,21;14220;4428;;1693,767971;1098,391482;544,4808051
20/07/2020;361926;;;;;14726;;;3444;8303;2778;201;;;;4;;2;2,13;;;;;;
21/07/2020;366837;;;;;14837;;;3451;8370;2815;201;;;;3;;2;1,71;;;;;;
22/07/2020;371972;;;;;14975;;;3457;8463;2853;202;;;;7;;2;1,59;;;;;;
23/07/2020;376396;;;;;15111;;;3470;8549;2888;204;;;;2;;3;1,49;;;;;;
24/07/2020;380602;;;;;15234;;;3487;8615;2928;204;;;;5;;4;1,34;;;;;;
25/07/2020;384925;;;;;15400;;;3499;8722;2974;205;;;;4;;4;1,17;;;;;;
26/07/2020;387459;138591;308750;268906;122899;15477;7823;23300;3500;8745;2976;256;;;1626;4;;3;1,05;14342;4481;;1716,636125;1147,56666;580,7330482
27/07/2020;391607;;;;;15616;;;3515;8861;3033;207;;;;5;;4;1,06;;;;;;
28/07/2020;396456;;;;;15739;;;3528;8923;3079;209;;;;7;;4;1,06;;;;;;
29/07/2020;400753;;;;;15943;;;3551;9068;3112;212;;;;6;;5;1,12;;;;;;
30/07/2020;405683;;;;;16187;;;3580;9230;3161;216;;;;10;;2;1,22;;;;;;
31/07/2020;409545;;;;;16387;;;3609;9358;3202;218;;;;6;;2;1,27;;;;;;
01/08/2020;412560;;;;;16586;;;3671;9467;3227;221;;;;6;;3;1,24;;;;;;
02/08/2020;415036;139343;323732;284016;129805;16742;7850;24582;3691;9572;3256;223;;;1629;9;;5;1,24;14462;4546;;1772,73933;1217,304413;616,1487011
03/08/2020;419339;;;;;16907;;;3705;9695;3281;226;;;;10;;4;1,2;;;;;;
04/08/2020;424698;;;;;17148;;;3763;9850;3307;228;;;;10;;3;1,26;;;;;;
05/08/2020;430315;;;;;17486;;;3807;10083;3364;232;;;;8;;5;1,31;;;;;;
06/08/2020;436244;;;;;17914;;;3845;10394;3438;237;;;;16;;6;1,4;;;;;;
07/08/2020;441911;;;;;18304;;;3906;10657;3493;248;;;;17;;3;1,44;;;;;;
08/08/2020;448488;;;;;18646;;;3949;10903;3540;254;;;;14;;5;1,43;;;;;;
09/08/2020;453157;139610;346792;307689;139945;18999;7859;841;4013;11107;3615;264;;;1636;12;;4;1,42;14661;4680;;1866,956127;1351,442399;664,3920708
10/08/2020;458431;;;;;19264;;;4048;11287;3659;270;;;;17;;6;1,35;;;;;;
11/08/2020;465751;;;;;19627;;;4120;11516;3712;279;;;;21;;8;1,3;;;;;;
12/08/2020;472369;;;;;20196;;;4195;11918;3784;299;;;;26;;9;1,31;;;;;;
13/08/2020;478986;;;;;20706;;;4307;12210;3876;313;;;;38;;13;1,25;;;;;;
14/08/2020;487224;;;;;21279;;;4432;12576;3935;336;;;;32;;13;1,25;;;;;;
15/08/2020;494949;;;;;21889;;;4560;12937;4040;352;;;;18;;13;1,28;;;;;;
16/08/2020;499044;139802;372890;324725;151917;22192;7861;30053;4586;13020;4068;518;;;1647;19;;13;1,21;14874;4849;;2046,852275;1522,85552;732,5741742
17/08/2020;504680;;;;;22513;;;4658;13205;4121;529;;;;17;;17;1,16;;;;;;
18/08/2020;512608;;;;;23023;;;4744;13521;4202;556;;;;30;;19;1,15;;;;;;
19/08/2020;519631;;;;;23599;;;4861;13893;4275;570;;;;39;;20;1,11;;;;;;
20/08/2020;528752;;;;;24323;;;4985;14324;4413;601;;;;50;;21;1,14;;;;;;
21/08/2020;535673;;;;;24915;;;5105;14668;4519;623;;;;39;;23;1,11;;;;;;
22/08/2020;543081;;;;;25574;;;5233;15043;4654;644;;;;35;;21;1,09;;;;;;
23/08/2020;547792;139997;396901;359372;162692;25999;7867;33866;5263;15257;4769;710;;;1671;26;;27;1,09;15161;5094;;2259,068748;1721,39374;835,1959085
24/08/2020;553461;;;;;26476;;;5318;15528;4901;729;;;;26;;29;1,1;;;;;;
25/08/2020;561816;;;;;27138;;;5415;15856;5116;751;;;;30;;30;1,13;;;;;;
26/08/2020;570569;;;;;27902;;;5546;16221;5359;776;;;;42;;31;1,15;;;;;;
27/08/2020;579745;;;;;28666;;;5640;16653;5584;789;;;;57;;32;1,13;;;;;;
28/08/2020;589728;;;;;29552;;;5752;17277;5788;735;;;;46;;34;1,16;;;;;;
29/08/2020;596978;;;;;30225;;;5876;17630;5956;763;;;;36;;38;1,13;;;;;;
30/08/2020;602906;140197;422481;385747;175239;30561;7872;38433;5902;17710;6081;868;;;1711;23;;35;1,08;15509;5366;;2454,210332;1935,069515;1017,433146
31/08/2020;610069;;;;;31006;;;5991;17904;6227;884;;;;46;;33;1,04;;;;;;
01/09/2020;618956;;;;;31552;;;6082;18150;6390;930;;;;61;;39;0,99;;;;;;
02/09/2020;628101;;;;;32157;;;6135;18510;6555;957;;;;56;;47;0,94;;;;;;
03/09/2020;637942;;;;;32862;;;6257;18867;6772;966;;;;47;;48;0,93;;;;;;
04/09/2020;647756;;;;;33607;;;6366;19269;6990;982;;;;39;;47;0,92;;;;;;
05/09/2020;654962;;;;;34215;;;6464;19589;7174;988;;;;41;;47;0,93;;;;;;
06/09/2020;661152;140329;449391;413541;187583;34679;7868;42547;6499;19888;7336;1005;;;1757;32;;49;0,97;15930;5748;;2632,581937;2124,2452;1190,467891
07/09/2020;667988;;;;;35076;;;6526;20104;7482;1013;;;;32;;50;0,98;;;;;;
08/09/2020;677894;;;;;35737;;;6623;20416;7722;1025;;;;53;;52;1,02;;;;;;
09/09/2020;686283;;;;;36372;;;6720;20758;7896;1047;;;;55;;55;1,04;;;;;;
10/09/2020;695200;;;;;36946;;;6790;21066;8081;1058;;;;42;;58;1;;;;;;
11/09/2020;705176;;;;;37615;;;6910;21421;8265;1068;;;;57;;60;0,97;;;;;;
12/09/2020;712802;;;;;38129;;;6992;21678;8427;1081;;;;41;;61;0,95;;;;;;
13/09/2020;718792;140450;475486;440328;199857;38367;7865;46232;7023;21812;8544;1089;;;1813;27;;63;0,9;16471;6097;;2787,17066;2286,82079;1355,973324
14/09/2020;725513;;;;;38654;;;7049;21981;8630;1095;;;;39;;60;0,89;;;;;;
15/09/2020;735277;;;;;39113;;;7095;22218;8796;1105;;;;42;;56;0,83;;;;;;
16/09/2020;746402;;;;;39692;;;7226;22470;8984;1113;;;;49;;55;0,86;;;;;;
17/09/2020;755568;;;;;40211;;;7311;22702;9174;1125;;;;36;;53;0,89;;;;;;
18/09/2020;765517;;;;;40809;;;7395;22962;9396;1157;;;;43;;49;0,89;;;;;;
19/09/2020;774877;;;;;41255;;;7453;23185;9541;1177;;;;25;;53;0,9;;;;;;
20/09/2020;782193;140652;505717;471126;213938;41613;7862;49475;7526;23348;9683;1186;;;1898;22;;57;0,95;17031;6419;;2928,953218;2414,833754;1508,511608
21/09/2020;790712;;;;;41927;;;7578;23515;9770;1194;;;;33;;55;0,98;;;;;;
22/09/2020;800472;;;;;42332;;;7629;23692;9939;1202;;;;29;;56;0,98;;;;;;
23/09/2020;811297;;;;;42850;;;7708;23921;10121;1230;;;;43;;52;0,96;;;;;;
24/09/2020;820415;;;;;43233;;;7778;24080;10262;1243;;;;28;;46;0,92;;;;;;
25/09/2020;829644;;;;;43631;;;7870;24262;10377;1252;;;;27;;49;0,88;;;;;;
26/09/2020;839340;;;;;44110;;;7962;24534;10482;1262;;;;20;;50;0,91;;;;;;
27/09/2020;852163;140744;534115;500127;227427;44438;7858;52296;7984;24520;10487;1447;;;1953;24;;55;0,92;17522;6700;;3080,797763;2529,021668;1628,144011
28/09/2020;859536;;;;;44723;;;8023;24658;10586;1456;;;;28;;55;0,94;;;;;;
29/09/2020;869277;;;;;45155;;;8106;24856;10724;1469;;;;33;;56;0,96;;;;;;
30/09/2020;880246;;;;;45540;;;8169;24994;10899;1478;;;;33;;55;0,94;;;;;;
01/10/2020;888192;;;;;45958;;;8239;25180;11041;1498;;;;36;244;56;0,96;;;;;;
02/10/2020;896421;;;;;46399;;;8321;25389;11183;1506;;;;39;233;56;0,99;;;;;;
03/10/2020;905036;;;;;46718;;;8361;25552;11291;1514;;;;26;243;58;0,94;;;;;;
04/10/2020;910402;140799;558964;525583;239452;46947;7856;54803;8382;25620;11399;1546;;;2003;14;245;59;0,92;17988;6983;;3204,590706;2625,884519;1757,536632
05/10/2020;917826;;;;;47283;;;8434;25788;11511;1550;;;;33;240;56;0,95;;;;;;
06/10/2020;927848;;;;;47711;;;8492;25972;11691;1556;;;;31;238;51;0,97;;;;;;
07/10/2020;938162;;;;;48165;;;8550;26167;11883;1565;;;;29;238;48;1,01;;;;;;
08/10/2020;947664;;;;;48623;;;8611;26366;12074;1572;;;;37;237;52;1,04;;;;;;
09/10/2020;957925;;;;;49207;;;8690;26625;12310;1582;;;;40;236;45;1,09;;;;;;
10/10/2020;967864;;;;;49791;;;8747;26881;12565;1598;;;;16;238;47;1,18;;;;;;
11/10/2020;974734;;;;;50154;;;8817;27019;12715;1603;;;;22;255;47;1,18;;;;;;
12/10/2020;981497;140846;588744;556000;252936;50683;7857;58018;8861;27274;12939;1609;;;2046;16;260;52;1,21;18444;7262;;3332,347462;2747,59746;1936,845804
13/10/2020;988963;;;;;51093;;;8900;27453;13125;1615;;;;33;263;50;1,15;;;;;;
14/10/2020;999853;;;;;51772;;;8977;27744;13428;1623;;;;35;273;51;1,17;;;;;;
15/10/2020;1011116;;;;;52600;;;9093;28073;13798;1636;;;;40;264;50;1,24;;;;;;
16/10/2020;1021983;;;;;53441;;;9177;28391;14229;1644;;;;58;271;51;1,27;;;;;;
17/10/2020;1034046;;;;;54183;;;9277;28693;14562;1651;;;;36;285;52;1,25;;;;;;
18/10/2020;1041884;140890;616941;584867;266173;54840;7858;62561;9336;29006;14837;1661;;;2098;33;300;55;1,26;18967;7552;;3485,411642;2909,648047;2226,027159
19/10/2020;1050733;;;;;55465;;;9391;29271;15141;1662;;;;45;312;59;1,21;;;;;;
20/10/2020;1061344;;;;;56284;;;9476;29613;15518;1677;;;;53;328;59;1,24;;;;;;
21/10/2020;1074814;;;;;57317;;;9572;30036;16021;1688;;;;51;339;62;1,26;;;;;;
22/10/2020;1088754;;;;;58524;;;9659;30597;16566;1702;;;;57;339;69;1,27;;;;;;
23/10/2020;1102398;;;;;59734;;;9796;31042;17179;1717;;;;61;335;71;1,27;;;;;;
24/10/2020;1113249;;;;;60746;;;9895;31491;17637;1723;;;;36;351;74;1,25;;;;;;
25/10/2020;1123594;140946;657320;626122;284697;61686;7862;69507;9962;31968;18018;1738;;;2153;52;392;76;1,23;19278;8068;;3673,540326;3172,586501;2662,308961
26/10/2020;1135502;;;;;62664;;;10048;32425;18431;1760;;;;71;405;74;1,21;;;;;;
27/10/2020;1150998;;;;;63828;;;10191;32925;18942;1770;;;;73;405;75;1,21;;;;;;
28/10/2020;1168157;;;;;65054;;;10316;33449;19506;1783;;;;57;386;79;1,18;;;;;;
29/10/2020;1184394;;;;;66379;;;10456;34054;20076;1793;;;;63;395;84;1,14;;;;;;
30/10/2020;1200883;;;;;67881;;;10660;34744;20667;1810;;;;81;412;92;1,14;;;;;;
31/10/2020;1213025;;;;;69034;;;10755;35194;21259;1826;;;;47;436;97;1,12;;;;;;
01/11/2020;1225477;140981;693100;662748;301364;70006;7857;77843;10819;35714;21627;1846;;;2212;43;469;104;1,09;20098;8504;;3934,542195;3488,637646;3164,820823
02/11/2020;1237363;;;;;71126;;;10932;36220;22117;1857;;;;73;460;106;1,08;;;;;;
03/11/2020;1252974;;;;;72551;;;11095;36843;22747;1866;;;;76;450;107;1,09;;;;;;
04/11/2020;1267642;;;;;74012;;;11247;37464;23418;1883;;;;76;462;111;1,09;;;;;;
05/11/2020;1284332;;;;;75559;;;11422;38154;24081;1902;;;;74;463;111;1,1;;;;;;
06/11/2020;1298744;;;;;77003;;;11580;38795;24714;1914;;;;84;457;119;1,07;;;;;;
07/11/2020;1310793;;;;;78248;;;11678;39404;25242;1924;;;;74;498;122;1,05;;;;;;
08/11/2020;1322830;141018;743664;697961;324668;79426;7846;87076;11747;40024;25720;1935;;;2298;37;508;130;1,06;20850;9199;;4206,215869;3855,351476;3719,480143
09/11/2020;1336869;;;;;80736;;;11857;40655;26272;1952;;;;91;518;135;1,07;;;;;;
10/11/2020;1354759;;;;;82137;;;11999;41331;26841;1966;;;;90;506;133;1,05;;;;;;
11/11/2020;1371097;;;;;83546;;;12125;41994;27442;1985;;;;73;496;132;1,03;;;;;;
12/11/2020;1388158;;;;;84966;;;12262;42647;28061;1996;;;;60;500;134;1;;;;;;
13/11/2020;1403362;;;;;86209;;;12402;43210;28589;2008;;;;90;483;146;0,97;;;;;;
14/11/2020;1416683;;;;;87252;;;12523;43672;29034;2023;;;;49;495;146;0,95;;;;;;
15/11/2020;1426992;141048;793113;731886;346709;88053;7830;95431;12596;44079;29341;2037;;;2402;44;516;145;0,92;21745;9857;;4448,008489;4190,915192;4212,092354
16/11/2020;1437623;;;;;88994;;;12742;44454;29752;2046;;;;51;483;141;0,89;;;;;;
17/11/2020;1452584;;;;;90044;;;12864;44913;30211;2056;;;;79;485;137;0,87;;;;;;
18/11/2020;1467470;;;;;91113;;;13000;45345;30689;2079;;;;56;477;133;0,86;;;;;;
19/11/2020;1481861;;;;;92048;;;13109;45757;31096;2086;;;;62;475;135;0,83;;;;;;
20/11/2020;1495025;;;;;92915;;;13216;46139;31465;2095;;;;48;442;139;0,81;;;;;;
21/11/2020;1504764;;;;;93556;;;13268;46420;31764;2104;;;;26;441;137;0,8;;;;;;
22/11/2020;1512054;141066;832578;753310;364850;94055;7829;101209;13318;46663;31966;2108;;;;22;449;141;0,8;22655;10356;;4658,090601;4402,928461;4563,181385
23/11/2020;1521730;;;;;94665;;;13405;46948;32201;2111;;;;58;417;140;0,8;;;;;;
24/11/2020;1534041;;;;;95358;;;13506;47253;32476;2123;;;;53;412;142;0,79;;;;;;
25/11/2020;1544922;;;;;96024;;;13616;47511;32764;2133;;;;57;403;134;0,77;;;;;;
26/11/2020;1556155;;;;;96648;;;13701;47735;33071;2141;;;;63;416;132;0,77;;;;;;
27/11/2020;1567758;;;;;97266;;;13775;48042;33303;2146;;;;47;398;130;0,77;;;;;;
28/11/2020;1577026;;;;;97777;;;13854;48259;33513;2151;;;;27;405;132;0,8;;;;;;
29/11/2020;1583493;;867118;769314;380792;98212;7818;105232;13899;48465;33690;2158;;;2624;24;418;136;0,83;23439;10771;;4824,265856;4552,816504;4794,080288
30/11/2020;1592186;;;;;98698;;;13970;48687;33876;2165;;;;42;371;131;0,85;;;;;;
01/12/2020;1601124;;;;;99262;;;14071;48944;34071;2176;;;;41;362;129;0,87;;;;;;
02/12/2020;1610780;;;;;99894;;;14165;49240;34312;2177;;;;32;337;127;0,89;;;;;;
