Código municipio;Municipio;2019;2018;2017;2016;2015;2014;2013;2012;2011;2010;2009;2008;2007;2006;2005;2004
48001;Abadiño;210,97;209,13;208,83;209,13;208,66;208,33;207,05;205,02;202,55;202,49;201,11;199,36;197,78;198,42;197,48;194,76
20001;Abaltzisketa;28,96;27,83;28,43;28,2;28,63;28,63;28,8;28,27;28,66;29,11;28,21;28,3;27,14;26,34;25,36;25
48002;Abanto y Ciérvana-Abanto Zierbena;583,68;589,93;589,8;591,9;595,49;598,76;603,09;600;539,61;600,25;595,49;593,09;593,15;593,09;586,6;575
20002;Aduna;66,62;66,62;67,05;66,76;66,76;66,9;65,01;64,3;64,57;61,29;57,29;53,71;52,86;52,57;50,29;48,86
20016;Aia;37,23;37,72;37,76;37,13;37,22;37,01;37,02;36,8;36,2;35,84;34,96;33,11;32,66;31,66;31,25;30,48
20003;Aizarnazabal;118,04;118,81;118,2;118,5;118,5;118,5;117,56;116,95;111,06;108,92;102,92;100,46;98,15;94,46;96,77;89,08
48911;Ajangiz;66,81;67,7;66,57;65,87;64,47;65,03;63,2;64,19;61,89;61,64;60,96;60,96;60,55;60,41;60;58,63
20004;Albiztur;23,92;24,31;25,18;26;25,22;25,77;25,41;24,94;23,82;24,42;24,19;24,34;23,41;22,71;23,1;22,95
20005;Alegia;222,19;222,71;225,29;223,23;224,65;225,03;225,42;227,34;230,91;224,36;222,18;219,23;216,28;214,23;211,03;212,69
1001;Alegría-Dulantzi;144,74;145,29;146,6;143,73;145,04;147,21;144,44;144,39;140,15;136,38;131,66;123,97;115,83;110;102,91;96,43
20006;Alkiza;30,56;31,14;30,56;29,56;29,89;30,8;30,89;30,16;30;29,66;30;29,16;27,06;26,89;25,29;24,37
48912;Alonsotegi;143,91;143,71;143,56;141,44;141,39;140,74;139,95;140,84;176,25;132,15;132,48;132,29;131,03;130,14;128,27;122,71
20906;Altzaga;74,39;72,76;69,11;69,51;71,54;67,07;68,33;67,5;64;63,6;64,4;62,8;62,4;61,2;61,6;59,2
20007;Altzo;44,48;43,66;43,66;42,23;41,41;40,9;41,61;41,81;41,33;40,61;41,02;40,82;38,67;36,63;36,63;35,61
20008;Amezketa;44,73;45,6;45,46;45,58;45,77;47,04;47,07;47,26;47,09;48,25;48,06;47,72;46,31;47,28;47,04;47,57
48003;Amorebieta-Etxano;329,06;325,68;322,53;320,9;318,8;316,13;317,34;314,85;310,09;308,22;306,04;302,33;298,49;293,52;288,16;284,89
48004;Amoroto;31,39;32,08;32,54;32,54;31,39;31,93;30,78;31,01;32,02;32,09;31,63;31,32;31,71;30,7;30;28,68
1002;Amurrio;107,72;107,06;107,11;106,76;106,8;106,55;105,49;105,23;103,88;104,25;104,66;104,01;102,48;99,92;99,5;98,67
20009;Andoain;538,32;537,62;539,13;537,44;539,46;538,98;538,07;538,65;540,04;535,11;535,73;526,53;518,8;513,94;510,69;503,76
20010;Anoeta;509,76;496,1;502,68;487,07;477,8;461,71;456,59;446,34;446,83;451,22;451,46;441,71;435,85;433,41;435,12;433,17
20011;Antzuola;76,17;76,53;77,07;77,99;78,6;78,6;78,97;78,54;78,95;78,01;78,27;77,44;76,57;74,84;73,68;70,25
48005;Arakaldo;58,46;57,35;58,46;57,72;57,72;52,94;47,79;46,32;47,41;43,08;36,54;35,77;37,31;36,15;34,62;36,54
20012;Arama;147,06;150,74;155,15;151,47;154,41;159,56;159,56;147,06;154,62;167,69;153,08;144,62;141,54;133,08;126,15;125,38
1003;Aramaio;18,61;18,82;18,98;19,06;19,26;18,75;18,92;19,2;20,41;20,28;20,31;20,18;20,23;20,19;20,37;20,15
48006;Arantzazu;111,58;111,02;116,1;106,5;107,91;107,34;102,82;101,69;93,16;85,53;80,26;80,79;80,26;77,37;76,05;73,42
48093;Areatza;131,69;132,89;131,14;133,11;131,03;132,79;134,54;134,43;129,56;125,49;124,29;121,98;118,68;117,8;113,85;112,2
20013;Aretxabaleta;264,59;259,35;260,39;259,48;258,78;259,55;258;254,55;231,9;230,24;229,86;228,38;225,4;222,3;217,18;215,84
1006;Armiñón;17,53;16,91;18,46;18,07;18,84;19,31;18,33;17,87;21,6;21,23;19,53;18,68;18,77;16,89;16,51;15,28
1037;Arraia-Maeztu;5,91;5,84;5,9;5,88;5,8;5,81;5,95;6,01;5,87;5,75;5,77;5,74;5,83;5,91;5,96;5,98
48009;Arrankudiaga;42,7;42,79;42,35;43,47;42,9;42,95;42,5;42,37;40,92;40,35;39,87;38,82;37,19;36,14;35,18;34,17
20055;Arrasate/Mondragón;668,52;669,07;667,79;668,5;670,57;670,48;669,23;668,5;713,38;641,72;643,27;640,64;644,78;650,5;659,21;666,82
48914;Arratzu;41,59;41,59;40;40,7;40,4;39,6;38,51;38,61;37,77;38,44;38,03;36,31;35,8;35,6;35,09;36,21
1008;Arratzua-Ubarrundia;17,06;17,09;16,99;17,05;17,37;17,31;17,1;17,13;16,57;15,91;16,05;15,71;15,33;15,02;14,06;13,85
48010;Arrieta;40,14;38,84;38,63;38,49;39,18;39,25;37,33;37,74;37,38;38,48;38;38;38,07;37,31;36,48;35,31
48011;Arrigorriaga;752,48;756,81;758,97;758,66;763,55;765,72;765,72;775,06;772,28;772,38;777,19;774,94;771,31;765,31;758,38;741,94
48023;Artea;59,74;59,66;60,8;60,63;62,34;62,91;61,69;63,56;63,15;61,29;60,56;58,63;54,92;54,44;54,68;54,27
48008;Artzentales;19,69;20,05;20,24;20,3;19,94;19,72;19,89;20,76;20,22;19,86;19,4;19,35;18,69;18,75;18,45;17,98
1004;Artziniega;67,15;67,51;67,44;67,85;67,44;67,04;67,55;68,62;67,02;66,35;66,35;64,38;62,12;59,53;54,71;52,96
1009;Asparrena;24,83;25,28;25,23;25,08;25,34;25,42;25,71;26,13;25,83;25,77;25,21;24,46;24,2;24,28;24,63;24,25
20014;Asteasu;91,94;90,87;88,56;89,21;90,4;90,28;89,69;89,63;88,75;87,16;87,46;88,05;86,15;84,26;82,49;79,64
20903;Astigarraga;544,79;523,1;506,84;491,64;475,59;462,79;442,74;417,28;404,87;409,48;406,78;393,22;381,39;368,87;360,96;357,3
20015;Ataun;29;28,59;28,9;29,14;28,67;29,12;28,84;28,82;28,43;28,45;28,47;28,18;27,24;26,81;26,08;25,79
48091;Atxondo;58,5;58,97;58,67;58,84;59,01;59,66;59,36;60,6;61,59;61,77;62,67;62,76;62,37;62,11;61,68;61,38
48070;Aulesti;25,61;25,37;25,76;25,76;25,76;25,61;25,37;26,19;26,92;26,88;27;26,88;26,64;26,64;26,4;26,05
1010;Ayala/Aiara;21,06;21,01;21,03;20,86;20,73;20,74;20,79;20,67;20,44;20,08;19,62;19,25;18,71;18,64;18,05;17,15
20017;Azkoitia;210,74;210,31;209,47;210,02;209,64;208,08;207,89;208,41;208,72;200,55;199,05;195,95;190,58;188;185,37;182,77
20018;Azpeitia;215,78;213,61;212,22;211,78;211,91;210,54;209,52;209,47;206,79;206,12;207,13;203,99;202,51;200,72;200,06;199,67
1049;Añana;7,21;6,98;7,21;7,35;7,26;7,62;7,12;7,67;7,67;7,99;8,04;8,04;8,26;8,31;8,45;8,45
48012;Bakio;163,3;160,69;160,39;158,2;157,29;158,87;159,76;158,3;151,31;147,02;137,68;134,4;130,3;125,83;120,48;114,94
20904;Baliarrain;50,36;50;51,82;52,92;53,65;47,45;46,29;44,88;45,19;44,44;40,74;37,04;33,7;35,19;35,56;37,41
48090;Balmaseda;344,38;343,8;346,26;342,51;348,99;350,29;350,47;346,17;340,04;330,31;326,01;321,7;318,61;317,17;317,94;319,15
48013;Barakaldo;4.035,24;4.017,40;4.012,52;4.001,00;4.009,12;4.003,20;4.020,08;4.014,76;3.403,44;4.087,28;4.051,85;4.005,27;3.967,57;3.935,80;3.920,16;3.908,11
48014;Barrika;201,45;203,03;200,92;200,53;202,77;202,5;202,11;198,95;194,36;190,64;185,77;181,67;180,13;176,28;171,41;164,49
1013;Barrundia;9,07;9,07;9,23;9,28;9,3;9,4;9,5;9,33;9,3;9,33;8,97;8,63;8,39;8,15;7,99;7,74
48015;Basauri;5.741,02;5.765,49;5.781,75;5.796,75;5.842,15;5.887,41;5.912,16;5.936,49;6.023,71;6.064,57;6.093,86;6.138,00;6.178,57;6.232,29;6.293,14;6.375,29
1011;Baños de Ebro/Mañueta;30,6;30,07;32,18;32,39;32,7;34,17;33,89;33,26;34,11;34,63;35,05;37,58;37,58;38,63;36,21;35,37
20019;Beasain;463,59;463,63;462,73;465,9;466,93;461,32;458,36;460,29;457,23;456;451,9;450,33;431,07;422,73;419,53;414,73
48092;Bedia;65,1;63,51;63,39;62,66;62,36;63,15;62,23;60,22;58,79;58,55;58,3;59,52;59,52;59,64;59,58;59,27
20020;Beizama;8,64;9,12;9,85;10,03;9,97;10,09;10,28;10,58;10,96;10,89;10,71;10,71;10,83;10,12;10,3;9,88
20021;Belauntza;70,26;69,68;70,85;70,26;72,3;75,8;78,43;81,92;84,41;87,06;85,88;93,82;90;90,29;85;87,06
48016;Berango;824,17;816,72;809,28;798,63;797,37;793,24;795,76;788,43;765,39;766,82;748,64;731,82;713,64;683,18;670,91;664,32
1014;Berantevilla;12,59;12,32;12,32;12,48;12,98;13,26;13,32;13,35;13,84;13,98;12,27;12,52;12,49;12,38;12,83;12,83
20022;Berastegi;23,54;23,65;23,63;23,53;23,16;23,05;23,29;23,18;23,12;22,9;22,51;22,46;21,85;21,85;21,68;21,66
20074;Bergara;193,53;192,99;194,25;194,88;195,37;196,05;195,1;194,37;191,8;189,84;190,75;191,26;192,26;192,65;192,98;193,49
48017;Bermeo;497,77;495,49;498,13;500,62;503,18;506,44;509,47;509,03;500,82;499,3;496,69;496,77;493,43;495,87;496,54;495,63
1016;Bernedo;3,78;3,91;3,85;3,82;4,02;4,17;4,34;4,34;4,33;4,41;4,41;4,51;4,46;4,36;4,34;4,13
48018;Berriatua;65,08;65,22;64,91;63,49;63,81;64,64;65,32;65,59;62,23;71,33;72,72;71,22;68,44;65,39;63,33;59,83
48019;Berriz;155,39;157,24;157,82;158,22;160,61;160,84;162,32;163,19;161,83;162,19;162,39;160,43;158,11;155,35;150,83;148,44
20023;Berrobi;203,72;203,38;196,28;194,26;196,96;191,89;190,54;191,89;206,43;213,33;222,22;218,15;217,41;217,78;207,41;211,48
20024;Bidania-Goiatz;37,85;36,97;36,97;37,48;38,28;38,14;38,92;39,81;39,78;38,76;37,23;35,91;35,26;33,87;33,36;32,04
48020;Bilbao;8.545,04;8.519,86;8.502,34;8.502,64;8.503,10;8.538,41;8.606,95;8.662,95;8.539,95;8.551,74;8.592,25;8.555,45;8.551,28;8.574,94;8.551,40;8.530,68
48021;Busturia;80,12;82,89;84,86;84;85,42;85,72;86,94;88,35;90,61;89,9;89,08;87,55;88,32;87,5;87,4;85,97
1017;Campezo/Kanpezu;12,15;12,15;12,25;12,38;12,5;12,67;13,17;13,28;13,15;13,25;13,15;13,04;13,01;12,65;12,74;12,76
20029;Deba;108,77;108,73;109,62;109,29;108,95;108,7;108,03;108,33;107,75;103,74;104,2;104,12;103,41;102,37;101,62;101,33
48901;Derio;653,94;645,46;631,56;606,9;593,89;585,8;574,75;554,93;737,57;647,23;639,4;632,89;625,42;615,3;606,02;592,17
48026;Dima;23,04;23,22;23,42;23,39;22,85;22,72;22,53;21,9;21,94;21,25;21,12;20,49;20,05;18,69;18,5;18,25
20069;Donostia / San Sebastián;3.072,38;3.060,08;3.055,25;3.050,23;3.050,74;3.051,25;3.057,88;3.056,39;3.057,22;3.016,36;3.013,93;2.995,90;2.977,07;2.980,62;2.974,47;2.969,82
48027;Durango;2.779,01;2.764,55;2.735,82;2.708,12;2.695,80;2.687,13;2.676,40;2.669,59;2.589,54;2.638,75;2.635,76;2.601,40;2.565,45;2.524,74;2.475,35;2.439,87
48028;Ea;58,95;59,53;59,89;60,53;60,46;61,96;61,89;63,47;63,1;63,17;63,73;62,82;61,27;59,44;56,13;55,7
20030;Eibar;1.120,60;1.115,88;1.116,33;1.114,82;1.116,21;1.117,26;1.109,99;1.112,74;1.104,68;1.222,23;1.224,06;1.227,50;1.223,39;1.229,02;1.240,36;1.250,27
48031;Elantxobe;192,31;190,11;199,45;204,95;210,99;214,84;214,75;219,67;222,63;231,05;232,11;230,53;235,26;233,68;240;243,68
1021;Elburgo/Burgelu;18,87;19;19,12;19,28;19,16;19,66;19,4;19,78;19,41;18,35;16,85;16,39;16,32;14,95;14,8;14,11
1022;Elciego;61,85;63,08;63,38;61,85;64,68;64,86;64,43;63,93;64,11;64,48;64,17;62,88;61,41;57,18;57,73;56,81
20031;Elduain;9,9;9,47;9,43;9,67;9,75;9,55;9,55;9,23;9,24;9,36;9,48;9,4;9,04;8,57;8,45;8,61
20033;Elgeta;64,84;64,78;64,55;63,53;63,7;63,98;65,88;64,78;65,83;63,85;63,25;62,13;62,19;60,41;60,77;59,29
20032;Elgoibar;299,07;298,27;297,19;298,58;298,45;295,85;296,7;294,64;290,54;288,88;286,22;281,91;277,88;272,7;268,83;268,47
48032;Elorrio;199,46;198,48;197,7;197,59;196,73;195,89;197,4;197,1;194,87;194,95;194,27;192,61;190,62;191,29;190,7;190,83
1023;Elvillar/Bilar;19,1;19,97;20,25;20,37;20,25;20,14;20,48;21,11;20,63;20,97;21,09;20,4;20,34;20;20,91;21,31
48902;Erandio;1.293,15;1.286,35;1.277,54;1.287,31;1.286,99;1.291,08;1.298,83;1.291,87;1.347,89;1.388,23;1.386,40;1.370,69;1.369,14;1.351,60;1.333,60;1.320,23
48033;Ereño;23,29;22,72;23,57;24,24;23,95;23,19;23,67;24,71;24,58;24,11;24,11;23,64;24,3;24,02;24,49;23,93
48034;Ermua;2.450,62;2.452,16;2.461,57;2.473,46;2.476,54;2.485,96;2.507,25;2.512,04;2.624,84;2.612,26;2.621,29;2.625,32;2.622,90;2.634,03;2.653,06;2.676,94
20067;Errenteria;1.236,17;1.232,54;1.235,17;1.232,97;1.229,68;1.228,24;1.226,23;1.230,80;1.214,15;1.223,20;1.215,27;1.207,05;1.201,76;1.186,61;1.187,24;1.195,64
20066;Errezil;18,17;18,29;18,01;18,6;18,42;18,45;18,81;19,16;18,68;19,13;19,5;19,38;19,66;18,98;18,85;18,85
1046;Erriberagoitia/Ribera Alta;6,54;6,5;6,13;6,21;6,44;6,26;6,31;6,58;6,52;6,26;6,08;5,88;5,7;5,03;4,89;4,84
48079;Errigoiti;29,01;29,5;30,41;31,07;30,71;31,5;32,22;32,53;33,96;32,26;31,28;31,59;31,16;30,55;30,49;29,51
20034;Eskoriatza;100,82;101,36;101,41;101,17;101,29;101,41;100,79;100,75;100,07;100,37;100,57;100,77;97,97;97,18;96,39;96,29
48029;Etxebarri;3.421,01;3.344,38;3.306,51;3.259,47;3.219,23;3.181,66;3.127,81;3.058,28;3.070,61;2.929,39;2.779,09;2.586,67;2.470,30;2.390,00;2.335,45;2.277,58
48030;Etxebarria;44,02;43,13;41,79;43,3;43,97;44,13;44,95;44,95;45,39;45,36;45,91;45,97;45,47;44,86;44,81;43,59
20035;Ezkio-Itsaso;28,79;27,1;28,7;28,89;29,17;28,7;28,37;29,45;28,73;28,68;27,78;27,26;26,89;25,9;26,98;26,89
48906;Forua;120,58;121,76;122,94;122,41;124,12;125,29;128,18;127;123,92;126,5;127;123,25;120,62;121,88;124,12;126,25
48035;Fruiz;95,2;96,8;96,98;95,91;97,16;98,58;97,16;95,38;82,28;80,36;75,54;72,86;72,14;71,79;67,68;64,82
20038;Gabiria;32,91;32,91;33,31;32,84;33,11;33,51;33,56;33,02;33,09;33,02;31,81;30,07;29,13;28,79;28,19;28,12
20037;Gaintza;21,69;21,86;21,53;20,47;20,64;20,3;20,14;20,47;21,67;21,33;22;22;22,67;22;20,33;20,83
48036;Galdakao;937,53;936,32;937,79;937,18;938,11;938,33;934,11;931,27;916,37;922,84;921,96;922,21;920,6;926,62;933,56;933,85
48037;Galdames;18,72;18,68;18,3;18,3;18,32;18,36;18,52;19;19,12;18,83;18,81;18,27;18,63;18,27;18,52;18,16
48038;Gamiz-Fika;90,54;90,28;89,36;89,63;88,25;88,12;88,51;88,58;85,87;85,61;85,03;82,77;82,77;83,16;81,55;80,9
48039;Garai;45,8;44,82;43,14;43,28;43,84;44,26;46,22;47,9;47,75;45,49;44,79;45,21;43,52;39,3;39,86;40,14
48040;Gatika;96,29;96,87;96,82;95,89;95,72;93,51;93,28;93,98;91,03;91,28;90,64;88,37;85,12;82,5;79,36;77,91
48041;Gautegiz Arteaga;61,29;61,58;62,1;62,39;62,9;63,64;65,62;66,72;64,63;63,9;64,34;63,97;64,04;64,85;63,9;64,71
20907;Gaztelu;16,38;16,49;17,46;17,22;17,65;18,41;18,3;18,08;18,48;18,65;17,75;18,65;19,1;17,08;16,97;16,97
48046;Gernika-Lumo;1.999,53;1.989,68;1.983,00;1.977,61;1.965,18;1.969,17;1.976,91;1.970,93;1.934,35;1.919,32;1.913,31;1.914,61;1.904,71;1.879,74;1.867,49;1.834,04
20039;Getaria;256,45;256,18;255,91;258,53;255,32;250,09;246,2;245,55;251,51;252,36;247,92;243,87;238,4;238,21;240,19;236,79
48044;Getxo;6.572,18;6.611,15;6.622,13;6.634,63;6.659,29;6.718,24;6.754,57;6.770,39;6.730,17;6.745,97;6.787,39;6.828,57;6.869,41;6.918,24;6.948,49;6.975,13
48047;Gizaburuaga;34,15;34,81;34,32;34,15;34,98;34,81;35,3;33,5;32,54;31,9;31,11;28,89;27,62;28,41;23,33;22,38
48042;Gordexola;41,65;41,06;40,77;41,35;41,65;41,65;41,82;42,21;42,83;42,44;42,46;41,56;40,02;38,76;38,32;37,66
48043;Gorliz;573,91;563,79;563,49;562,4;562,5;561,9;557,36;549,9;540,69;539,51;529,41;518,33;507,45;495;478,63;465,69
48045;Güeñes;162,3;161,03;161,15;160,47;158,54;157,51;157,19;156,25;155,34;157,11;154,1;152,31;150,58;149,68;148,52;147,11
1056;Harana/Valle de Arana;5,66;5,86;5,94;6,06;6,19;6,63;6,66;7,12;7,34;7,57;7,8;7,95;8,01;8,41;8,64;8,41
20040;Hernani;510,25;506,94;501,45;494,16;491,35;491,38;485,31;483,55;484,82;477,35;477,45;475,97;473,24;468,89;466,01;465,15
20041;Hernialde;71,13;73,47;73,94;77,16;79,57;84,13;84,21;86,36;85,48;82,86;82,38;81,67;79,52;79,52;77,62;72,62
20036;Hondarribia;565,46;571,84;572,88;569,75;569,58;567,87;564,54;555,23;576,89;571,67;571,46;566,49;563,4;558,09;553,47;546,08
20042;Ibarra;818,52;813,26;816,96;825,93;833,92;829,63;831,97;832,16;858;869;867;859,6;854,6;859,8;861,2;874,4
48048;Ibarrangelu;44,32;44,6;45,65;44,95;44,88;44,81;44,35;44,98;40,77;39,36;39,49;39,17;38,01;36,79;36,54;34,68
20043;Idiazabal;78,91;78,67;78,63;78,63;78,77;78,7;78,38;78,11;77,29;76,64;76,75;74,98;74,14;73,42;73,29;72
48094;Igorre;250,97;249,38;249,03;245,69;248,45;248,8;247,74;248,1;246,99;245,03;244,97;240,58;235,09;235,14;235,03;232,31
20044;Ikaztegieta;242,93;238,05;233,17;237,56;237,07;226,34;229,7;232,18;235;235;232,5;229,5;227,5;226,5;197;193,5
20045;Irun;1.490,00;1.480,01;1.476,96;1.471,06;1.468,03;1.461,20;1.459,24;1.458,98;1.438,82;1.423,79;1.424,09;1.423,22;1.411,59;1.407,97;1.390,37;1.376,14
20046;Irura;638,62;642,07;628,62;615,52;582,76;576,21;574,14;565,52;539,67;525,67;505;472,67;423,33;397,67;371;359,67
1027;Iruraiz-Gauna;10,98;10,98;11,26;10,92;10,82;10,86;11;11,51;11,34;10,85;10,47;10,32;10,25;10,06;10,15;9,87
1901;Iruña Oka/Iruña de Oca;64,29;62,82;61,52;61,63;59,78;58,58;58,42;57,9;55,65;55,88;54,27;52,31;48,63;45,81;42,33;39,34
48049;Ispaster;32,14;31,7;30,87;31,53;30,7;30,96;31,26;30,78;30,04;29,56;29,29;29,29;27,83;27,35;27,39;27,21
20047;Itsasondo;73,6;71,7;71,81;73,6;75,5;74,5;74,75;75,64;74,49;74,27;72,92;70,9;68,54;66,4;63,48;62,25
48910;Iurreta;194,27;193,26;194,06;197,56;199,1;200,58;204,56;206,05;205,69;200,63;201,95;202,84;202,32;205,32;211,95;212,95
48050;Izurtza;58,49;58,49;52,98;54,59;58,26;62,84;63,99;63,3;64,19;62,79;60;60,47;56,98;58,37;58,84;61,63
48022;Karrantza Harana/Valle de Carranza;20,14;19,68;19,69;19,78;19,93;20,25;20,11;20,34;20,29;20,23;20,41;20,56;20,45;20,61;20,7;20,94
48907;Kortezubi;37,31;37,56;37,65;37,99;39,51;39;37,65;35,79;36,13;34,92;34,33;34,08;33,58;32,67;32,25;31
1019;Kripan;14,39;14,47;14,71;14,87;14,55;15,03;15,84;15,52;15,76;15,6;15,52;14,72;14,72;15,04;15,44;15,2
1020;Kuartango;4,46;4,52;4,42;4,37;4,3;4,23;4,24;4,25;4,16;4,21;4,23;4,23;4,24;4,31;4,22;4,31
1028;Labastida/Bastida;37,92;37,74;37,97;38,13;38,42;38,89;38,55;39,38;38,48;38,51;39,11;39,35;38,61;37,54;36,41;34,92
1030;Lagrán;3,47;3,49;3,66;3,71;3,6;3,55;3,75;3,97;4,04;3,9;4,08;4,17;4,25;4,19;4,21;4,28
1031;Laguardia;18,34;18,48;18,1;18,15;18,66;18,64;18,49;18,74;19,06;18,64;18,62;18,57;18,3;18,31;18,29;18,25
1032;Lanciego/Lantziego;28,4;27,41;27,66;27,99;27,91;27,99;28,15;28,15;28,18;28,76;27,98;28,22;28,39;27,81;27,27;26,57
48051;Lanestosa;220,18;222,81;235,09;233,33;237,72;233,33;236,84;231,58;203,85;226,67;239,17;238,33;245;232,5;232,5;237,5
1902;Lantarón;12,92;12,88;13,28;13,11;13,19;13,75;13,84;13,72;15,03;15,49;15,89;15,18;15,6;15,49;15,63;15,13
1033;Lapuebla de Labarca;144,41;143,07;143,41;142,24;143,57;143,74;138,23;141,57;144,5;144,33;146,17;151,67;147;140,33;142,33;141,33
48052;Larrabetzu;94,43;94,24;94,52;95,22;95,03;93,96;93,64;91,69;90,23;89,16;87,16;85,58;81,02;77,35;76,6;75,26
20048;Larraul;45,06;45,42;44,7;43,99;44,7;46,68;46,33;44,19;41,36;42,88;42,2;40,51;35,25;30;30;29,83
20902;Lasarte-Oria;3.158,08;3.136,25;3.121,31;3.118,90;3.108,76;3.106,87;3.096,91;3.079,38;2.981,50;3.026,44;3.013,90;2.998,98;2.981,69;2.980,00;2.990,85;3.005,76
1036;Laudio/Llodio;483,75;486,5;484,58;486,69;489,04;492,46;494,66;494,33;491,86;489,89;487,07;486,06;489,28;491,44;495,56;497,9
48053;Laukiz;147,41;147,04;146,91;145,68;141,36;139,38;141,73;141,85;138,78;136,91;133,58;130,37;123,09;120,86;121,73;120,37
20049;Lazkao;495,43;487,14;479,64;477,91;470,75;471,53;472,52;468,13;474,3;469,12;469,65;463,6;456,4;449,39;448,51;444,21
20050;Leaburu;111,38;112,87;108,68;108,66;109,85;111,34;108,06;114,63;109,43;116,18;113,53;114,12;112,94;110,29;107,06;108,53
20051;Legazpi;198,74;199,05;200,33;201,45;202,3;204,37;205,23;205,25;207,75;208,56;208,49;208,35;206,24;205,98;207,3;207,49
20052;Legorreta;164,77;166,28;166,63;167,79;167,56;170,7;173,78;172,84;177,44;173,95;173,72;168,37;167,33;164,42;159,88;158,49
1058;Legutio;41,02;40,67;39,17;38,02;37,34;37,06;38,06;38,35;36,99;35,82;35,8;34,95;34,58;33,05;32,66;31,79
20068;Leintz-Gatzaga;15,92;15,78;15,71;15,99;16,39;16,6;17,48;17,34;18,5;17,82;18,1;17,89;17,01;17,48;17,01;16,87
48054;Leioa;3.826,11;3.790,01;3.754,15;3.713,24;3.696,15;3.692,54;3.686,76;3.685,44;3.582,82;3.560,24;3.538,71;3.499,76;3.437,29;3.423,53;3.395,06;3.388,94
48057;Lekeitio;4.014,84;3.987,91;3.971,43;3.946,15;3.971,98;4.013,74;4.051,65;4.076,37;3.899,47;3.914,74;3.935,26;3.942,11;3.893,68;3.845,79;3.838,42;3.842,11
48055;Lemoa;225,92;228,19;229,03;228,32;227,15;227,61;225,21;224,09;210,44;204,18;199,87;197,09;187,85;178,29;179,18;176,77
48056;Lemoiz;66,7;66,86;66,97;65,68;65,46;63,69;61,23;58,32;55,13;74,13;74,49;74,71;71,81;68,84;67,03;65,8
1034;Leza;21,19;20,46;21,19;22,13;22,55;21,61;25,27;25,86;21,52;23,84;22,73;22,83;23,23;22,42;23,23;22,22
48081;Lezama;147,34;148,38;146;146,24;146,98;148,56;149,54;151,25;152,55;151,58;149,39;148,06;146,12;142,55;138,61;134,73
20053;Lezo;722,79;713,7;711,33;703,66;707,2;709,21;714,76;711,57;700,93;704,47;706,24;708,47;701,88;699,41;695,41;696,47
20054;Lizartza;49,71;49,63;49,22;49,63;51,44;52,76;52,51;53,5;52,36;52,88;51,28;50,24;48,8;48,16;49,04;48,08
48903;Loiu;162,09;160,96;157,3;157,23;159,36;159,09;165,49;166,42;159,68;164,77;149,67;140,33;142,48;143,79;144,12;143,33
48058;Mallabia;50,13;50,13;50,56;50,78;52,6;52,42;52,47;51,86;50,77;50,51;50,34;50,04;49,66;48,5;48,38;47,22
48060;Markina-Xemein;110,7;109,11;110,55;109,91;109,89;110,17;110,15;109,86;109,16;109,01;108,94;105,79;102,97;100,75;74,97;73,87
48061;Maruri-Jatabe;62,09;61,53;60,59;59,77;59,84;59,21;59,4;60,21;57,61;56,71;56,84;54,11;53,61;53,35;51,08;48,86
48059;Mañaria;29,31;29,54;29,88;29,77;29,99;28,86;29,43;28,86;29,15;29,49;28,18;26,93;26,88;26,08;26,02;25,62
20901;Mendaro;79,07;79,51;79,59;80,37;80,17;79,07;78,36;77,61;75,94;77,79;78,16;75,37;70,49;69,22;68,81;65,04
48062;Mendata;16,86;16,77;17,39;17,17;16,77;16,68;16,2;16,64;17,01;17,41;17,05;16,56;16,65;16,7;15,45;15,31
48063;Mendexa;63,29;62,43;65,17;66,47;66,91;65,75;63,58;63,44;63,48;59,86;60,69;57,5;57,08;55,56;52,5;50,42
48064;Meñaka;61,03;60,55;60,14;59,42;58,86;59,74;59,74;60,47;57,17;57,54;55,57;54,43;52,95;51,97;47,87;46,15
1039;Moreda de Álava / Moreda Araba;25,23;26,14;26,26;26,14;26,6;26,94;27,23;28,15;28,62;28,62;30;30,69;31,61;31,49;32,18;31,72
48066;Morga;28,37;29,27;29,48;28,86;29,07;28,79;29,55;28,1;28,54;27,57;26,91;26,25;25,99;26,58;26,64;27,57
48068;Mundaka;470,05;465,74;472,34;475,89;480,2;480,46;489,59;492,39;461,67;461,43;460,24;443,57;442,62;447,38;440,95;439,76
48069;Mungia;398,18;395,09;391,27;389,33;385,57;383,86;383,12;380,64;357,63;372,65;365,48;357,34;347,26;340,56;335,56;325,73
48007;Munitibar-Arbatzegi Gerrikaitz-;19,27;18,94;19,18;18,98;18,98;19,31;18,86;18,03;17,72;17,22;17,14;16,39;15,81;15,77;15,64;15,98
48908;Murueta;57,79;57,97;58,35;57,97;58,16;58,35;58,35;56,66;56;50,49;50,82;50,66;50;49,51;46,07;47,38
48071;Muskiz;358,33;361,19;361,77;361,91;362,82;363,34;364,59;360,81;356,15;333,23;328;322,23;315,59;310,86;303,73;299,86
20057;Mutiloa;28,89;29,23;28,89;29,66;30,82;30,36;29,23;29,35;28,6;28,18;26,7;26,7;24,77;22,73;19,09;17,73
20056;Mutriku;193,01;193,77;194,53;192,87;192,29;191,57;189,38;184,89;181,55;178,05;176,56;176,35;174,22;170,04;168,51;168,51
48067;Muxika;29,58;29,38;28,41;28,99;29,28;29,13;29,42;29,64;29,54;29,32;29,46;28,96;27,56;26,62;25,9;25,8
48909;Nabarniz;21,53;21,7;22,13;22,04;20,17;20,34;19,74;19,32;20;19,18;18,93;18,44;18,85;18,28;18,77;18,93
1041;Navaridas;22,32;23,33;25,22;25,22;25,78;23,88;24,89;24,55;23,93;23,71;23,48;24,61;24,49;23,71;23,6;23,37
20063;Oiartzun;172,99;172,71;171,41;171,01;170,55;167,56;168,01;168,4;167,6;165,78;164,9;164,1;163,43;163,82;162,17;160,55
1042;Okondo;39,23;38,38;38,14;38,67;38,18;38,24;37,91;38,17;38,37;37,32;36,35;35,99;35,59;34,52;33,95;33,58
20058;Olaberria;136,53;135,39;135,96;134,81;133,52;137,11;135,34;135,2;135,8;137,39;140,29;140,14;135,65;133,33;133,04;133,04
48073;Ondarroa;1.962,62;1.957,34;1.975,99;1.980,19;1.987,65;1.998,83;2.034,43;2.069,79;2.529,14;2.045,27;2.060,28;2.075,52;2.095,15;2.142,49;2.178,98;2.226,79
20076;Ordizia;1.829,93;1.786,97;1.760,21;1.738,56;1.733,45;1.725,88;1.737,90;1.746,80;1.721,23;1.711,93;1.707,37;1.711,93;1.638,42;1.611,93;1.583,33;1.565,96
20905;Orendain;33,9;33,9;32,5;31,15;30,06;30,06;29,91;28,19;29,52;30,32;29,05;28,57;27,78;26,98;26,19;25,71
20060;Orexa;20,54;20,88;21,56;21,26;21,43;20,92;20,75;20,92;20,68;21,21;20,86;20,86;19,83;16,55;15,34;14,66
20061;Orio;620,82;613,2;603,81;605,69;600,93;589,44;571,84;557,14;537,76;525,2;512,86;507,04;493,78;479,08;473,47;467,86
20062;Ormaiztegi;186,28;190,07;191,82;192,12;190,36;190,51;190,98;189,67;194,12;191,16;191,74;189,57;188,55;183,77;181,01;180
48075;Orozko;25,8;25,94;26,16;25,5;25,55;25,54;25,57;24,94;23,87;23,42;23,46;23,19;22,82;22,75;22,41;22,05
48083;Ortuella;1.050,69;1.046,31;1.048,31;1.047,56;1.053,19;1.052,57;1.050,94;1.053,32;1.092,47;1.095,45;1.106,49;1.104,42;1.113,90;1.119,22;1.110,91;1.122,60
48072;Otxandio;106,31;104,85;104,77;104,77;102,91;104,94;104,45;105,34;102,98;102,34;99,35;98,39;95,32;89,27;85,48;83,87
1043;Oyón-Oion;75,11;74,71;74,05;73,83;73,7;73,21;72,8;73,38;72,65;71,81;69,69;68,61;66,68;64,8;62,54;59,25
20059;Oñati;105,82;105,4;105,95;105,53;104,86;104,92;104,17;103,69;102,82;101,27;100,7;99,96;99,41;99,29;98,99;99,16
20064;Pasaia;1.525,59;1.522,95;1.519,92;1.530,41;1.511,99;1.504,15;1.496,60;1.500,00;1.411,06;1.452,45;1.453,64;1.454,18;1.462,82;1.469,09;1.465,09;1.461,64
1044;Peñacerrada-Urizaharra;4,21;4,15;4,26;4,34;4,36;4,34;4,72;4,92;5,03;5,18;5,08;4,75;4,43;4,55;4,5;4,61
48077;Plentzia;737,82;743,27;747,36;733,22;739,01;740,03;740,55;734,92;743,28;681,27;682,86;658,1;647,78;645,87;626,83;618,25
48078;Portugalete;14.346,71;14.365,52;14.457,68;14.537,62;14.645,14;14.770,22;14.806,58;14.970,53;14.919,38;14.955,00;15.032,81;15.064,06;15.120,63;15.349,38;15.558,75;15.736,56
1047;Ribera Baja/Erribera Beitia;53,15;54,09;54,13;53,27;53,5;53,46;52,52;52,44;47,44;47,04;43,25;42,35;40,79;39,64;37,4;34,87
1051;Salvatierra/Agurain;133,63;132,47;132,66;131,6;131,63;130,73;131,86;131,41;129,21;128,76;127,01;122,43;116,59;111,56;108,94;108,36
1052;Samaniego;29,53;29,81;30,19;28,32;27,48;27,1;30,47;30,93;31,7;31,04;30,09;31,04;29,53;29,06;29,25;30,09
1053;San Millán/Donemiliaga;8,41;8,34;8,34;8,44;8,5;8,54;8,74;8,46;8,49;8,49;8,33;8,37;8,71;8,38;8,44;8,27
48082;Santurtzi;5.234,36;5.245,70;5.242,27;5.274,11;5.301,72;5.343,76;5.386,03;5.398,51;6.538,33;6.926,62;6.908,53;6.912,35;6.925,59;6.958,82;6.934,56;6.917,21
20070;Segura;156,9;153,16;155,61;157,43;157,86;158,29;158,39;158,82;161,74;158,15;151,2;149,67;143,37;135,87;133,7;134,13
48084;Sestao;7.561,22;7.602,49;7.685,32;7.712,19;7.770,64;7.836,01;7.936,57;7.986,43;8.274,00;8.349,71;8.421,71;8.468,00;8.490,86;8.581,71;8.671,43;8.790,29
48904;Sondika;658,19;657,16;653,65;660,67;663,01;670,91;665,2;664,91;719,52;654,35;657,39;649,86;642,32;636,09;623,19;614,78
48085;Sopela;1.670,04;1.641,76;1.625,75;1.613,36;1.589,77;1.571,72;1.561,61;1.553,79;1.511,07;1.491,31;1.471,31;1.457,38;1.443,21;1.412,02;1.365,36;1.334,40
48086;Sopuerta;59,56;60,55;61,18;61,16;61,25;60,41;60,69;61,37;60,47;59,63;58,5;56,71;56,45;55,16;53,93;53,08
20065;Soraluze-Placencia de las Armas;276,76;277,55;278,05;281,11;281,33;284,46;285,17;282,54;281,34;281,83;280,99;283,73;286,06;288,59;292,11;292,82
48076;Sukarrieta;235,46;228,85;235,26;235,9;239,1;227,56;230,77;228,85;153,91;153,04;152,17;150;153,48;153,91;154,35;156,52
20071;Tolosa;528,97;525,15;521,41;515,32;513,65;508,9;504,58;497,56;487,49;477,44;476,09;472,14;471,98;471,69;470,42;469,6
48087;Trucios-Turtzioz;16,21;16,53;16,5;16,5;16,6;16,98;17,31;17,41;17,32;17,48;17,16;17,61;17,68;16,9;16,9;17,1
48088;Ubide;57,14;63,21;62,5;63,57;63,93;64,29;62,86;65,71;63,45;57,59;55,52;54,48;53,45;54,14;54,83;55,52
48065;Ugao-Miraballes;790,86;785,52;787,24;783,43;785,14;778,1;779,81;773,14;780,58;778,85;774,81;771,92;772,5;775,96;780,77;784,42
48089;Urduliz;571,28;553,72;544,62;531,54;521,79;503,85;483,33;465,51;457,82;438,72;427,95;423,08;418,85;402,44;415,51;407,18
48074;Urduña/Orduña;126,93;125,37;124;124,87;125,55;126,45;127,35;127,08;127,13;127,1;125,97;125,28;123,4;122,27;121,1;120,54
1054;Urkabustaiz;22,55;21,97;21,88;22,02;21,38;21,02;21,38;22,2;21,9;21,01;19,77;19,16;18,86;17,32;16,51;15,83
20072;Urnieta;275,23;275,32;278,54;278,76;278,4;276,57;277,41;277,59;275,31;275,56;275,11;271,97;268,97;264,39;262,2;260,4
20077;Urretxu;897,21;893,76;901,2;903,72;917,4;915,01;891,16;900,78;900;880,63;874,94;862,28;855,82;857,97;851,01;843,92
20073;Usurbil;239,67;239,32;239,09;240,47;239,93;239,35;237,23;236,41;236,8;241,49;237,71;232,65;229,64;229,84;227,35;221,37
1055;Valdegovía/Gaubea;4,18;4,16;4,18;4,26;4,25;4,36;4,38;4,48;4,5;4,64;4,6;4,81;4,66;4,51;4,49;4,39
48080;Valle de Trápaga-Trapagaran;932,68;930,19;930,19;936,19;941,09;943,89;941,63;948,56;933,13;940,23;942,98;946,72;950,46;954,81;960,31;962,21
20075;Villabona;333,92;334,72;334,55;335,1;333,45;334,93;334,39;333,83;331,24;328,93;326,72;325,42;324,86;324,35;324,58;324,41
1057;Villabuena de Álava/Eskuernaga;34,99;35,34;35,46;34,52;36,17;36,88;36,64;37,71;38,24;37,18;37,41;37,29;36,94;38,24;37,88;37,76
1059;Vitoria-Gasteiz;911,23;901,83;893,87;885,26;882,67;876,03;873,35;876,38;865,47;860,72;851,38;839,87;829,06;822,14;818,24;808,17
1060;Yécora/Iekora;14,42;14,48;14,53;14,48;14,32;13,89;14,26;15,34;15,27;15,21;16,22;15,9;15,59;15,21;14,84;14,15
48095;Zaldibar;265,53;266,49;268,5;269,37;267,28;267,19;265,21;266,96;261,9;257,71;255,42;248,39;244,75;243,73;243,64;245,25
20078;Zaldibia;96,88;96,88;94,77;94,54;94,66;93,52;91,39;91,03;92,5;92,84;94,14;92,84;90,31;89,26;91,17;91,42
1061;Zalduondo;15,22;15,47;15,81;15,65;16,32;15,4;15,49;15,4;16,42;16,08;15,42;15,33;15,42;14,67;14,08;13,5
48096;Zalla;271;268,82;270,16;270,77;271,96;272,09;273,05;270,84;268,12;265,45;265,78;265,52;262,05;260,06;258,86;257,11
1062;Zambrana;10,36;10,11;9,68;10,06;10,26;10,54;10,65;10,85;10,2;9,7;9,54;9,06;9,11;9,16;9,29;9,14
48905;Zamudio;179,61;178,29;177,25;180;178,73;179,78;180,28;180,77;179,45;161,6;160,15;161,35;161,3;159,6;158,8;157,45
48097;Zaratamo;158,7;158,8;158,21;157,42;158,6;162,44;162,24;163,52;166,6;170,9;173,5;174,1;168,7;165,1;162,4;164,7
20079;Zarautz;1.640,15;1.633,12;1.625,74;1.613,19;1.604,19;1.597,35;1.587,17;1.579,50;1.576,18;1.584,48;1.582,31;1.571,61;1.560,49;1.561,05;1.542,38;1.531,89
48024;Zeanuri;18,61;18,49;18,48;18,64;18,73;18,89;19,21;19,53;19,36;19,43;19,85;19,66;19,15;18,54;17,96;17,24
48025;Zeberio;22,52;22,23;22,54;22,82;22,69;22,77;22,75;22,57;22,52;22,51;22,38;22,76;22,76;22,29;21,8;21,76
20025;Zegama;43,87;43,61;44,07;43,56;43,64;43,93;44,05;44,22;44,25;43,71;42,63;41,54;40,2;38,51;37,23;37,34
20026;Zerain;25,47;24,78;24,39;25,07;25,07;25,86;25,71;25,9;24,71;23,71;23,14;23,24;23,62;23,24;23,14;23,71
20027;Zestoa;85;85,32;85,04;85,37;84,91;83,58;83,5;83,76;83,64;81,1;79,61;78,4;78,03;75,77;73,68;71,03
48913;Zierbena;119,1;119,55;119,95;119,31;119,63;120,03;119,18;118,59;156,52;127,09;125,64;122,82;118,09;116,64;116,64;115
1018;Zigoitia;17,06;17,12;17,24;16,86;17,23;17,02;17,14;17,06;16,93;16,59;16,15;15,56;14,82;13,78;13,5;13,04
48915;Ziortza-Bolibar;21,92;22,66;22,29;22,93;23,04;23,04;22,77;22,19;22,16;21,56;20,93;20,88;20,88;20,24;74,97;73,87
20028;Zizurkil;191,82;190,16;190,1;191,5;192,33;191,5;191,55;186,18;179,29;178,45;180,45;180,26;180;184,58;182,45;184,19
1063;Zuia;18,8;18,89;18,92;19,19;19,47;19,83;19,82;19,92;19,79;19,6;19,51;19,42;19,36;19,01;18,73;18,11
20081;Zumaia;945,51;940,45;934,36;914,5;910,59;904,65;895,44;891,26;837,26;826,28;821,68;805,22;794,34;782,04;773,36;770,35
20080;Zumarraga;526,12;531,86;532,61;536,4;536,56;538,13;545,33;541,55;543,86;551,48;555,16;552,36;552,69;553,74;553,3;555,77
